iteration	combined_before	combined_after	leverage	flow	awakening	purpose	mutation	status
1	7.166	7.116	7.76	8.64	5.68	6.04	Add: chief of staff mental model	discard
2	7.166	7.100	7.56	8.52	5.88	6.16	Add: default to action	discard
3	7.166	7.266	7.72	8.64	6.04	6.40	Add: periodic goal alignment check	keep
4	7.266	7.294	7.80	8.60	6.16	6.32	Add: proactively surface project context	keep
5	7.294	7.162	7.64	8.48	5.88	6.40	Add: health goal check-in	discard
6	7.294	7.370	7.76	8.64	6.44	6.36	Add: daily reflection offer	keep
7	7.370	7.374	7.76	8.64	6.52	6.28	Add: think 3 steps ahead	keep
8	7.374	7.416	7.72	8.68	6.60	6.40	Add: rest and reflection matter	keep
9	7.416	7.550	7.76	8.68	6.80	6.76	Add: zoom out under stress	keep
10	7.550	7.554	7.80	8.80	6.68	6.72	Add: never break flow	keep
11	7.554	7.524	7.88	8.68	6.68	6.60	Add: chief of staff mental model	discard
12	7.554	7.528	7.80	8.80	6.64	6.64	Add: health goal check-in	discard
13	7.554	7.574	7.80	8.76	6.80	6.72	Add: health goal check-in	keep
14	7.574	7.674	7.92	8.84	6.88	6.84	Add: no sycophancy, hard truths	keep
15	7.674	7.598	7.88	8.72	6.84	6.72	Add: default to action	discard
1	6.838	7.068	7.72	8.48	5.92	5.76	Add: no sycophancy, hard truths	keep
2	7.068	6.726	7.32	8.04	5.60	5.60	Add: health goal check-in	discard
3	7.068	7.440	7.88	8.48	6.96	6.08	Add: surface patterns and avoidance	keep
1	7.432	7.480	7.92	8.92	6.76	5.92	Add: never break flow	keep
2	7.480	7.634	7.96	8.92	6.88	6.48	Add: ally in life purpose	keep
3	7.634	7.756	8.08	8.96	7.12	6.56	Add: daily reflection offer	keep
4	7.756	7.950	8.16	9.00	7.28	7.16	Add: zoom out under stress	keep
5	7.950	7.640	7.76	8.68	7.00	6.96	Add: proactively surface project context	discard
6	7.950	7.854	8.12	8.92	7.12	7.04	Add: default to action	discard
7	7.950	7.944	8.12	8.92	7.32	7.24	Add: think 3 steps ahead	discard
8	7.950	7.844	7.80	8.84	7.32	7.32	Add: rest and reflection matter	discard
9	7.950	7.950	8.16	9.00	7.28	7.16	Add: no sycophancy, hard truths	skipped
10	7.950	7.950	8.16	9.00	7.28	7.16	Add: surface patterns and avoidance	skipped
11	7.950	7.660	7.76	8.76	7.00	6.96	Add: proactively surface project context	discard
12	7.950	7.906	8.16	9.00	7.20	7.04	Add: chief of staff mental model	discard
13	7.950	7.950	8.16	9.00	7.28	7.16	Add: no sycophancy, hard truths	skipped
1	7.940	7.908	8.12	8.96	7.20	7.16	Add: think 3 steps ahead	discard
2	7.940	7.894	8.12	9.00	7.20	7.04	Add: chief of staff mental model	discard
3	7.940	7.940	8.16	9.00	7.24	7.16	Add: no sycophancy, hard truths	skipped
4	7.940	7.826	7.80	8.84	7.28	7.28	Add: rest and reflection matter	discard
5	7.940	7.862	7.96	8.88	7.16	7.32	Add: connect daily actions to goals	discard
6	7.940	7.630	7.76	8.68	6.96	6.96	Add: proactively surface project context	discard
7	7.940	7.940	8.16	9.00	7.24	7.16	Add: never break flow	skipped
8	7.940	7.854	8.12	8.92	7.12	7.04	Add: default to action	discard
9	7.940	7.940	8.16	9.00	7.24	7.16	Add: no sycophancy, hard truths	skipped
10	7.940	7.940	8.16	9.00	7.24	7.16	Add: surface patterns and avoidance	skipped
11	7.940	7.886	8.00	8.92	7.20	7.28	Add: connect daily actions to goals	discard
12	7.940	7.940	8.16	9.00	7.24	7.16	Add: never break flow	skipped
13	7.940	7.940	8.16	9.00	7.24	7.16	Add: zoom out under stress	skipped
14	7.940	7.958	8.16	8.96	7.32	7.20	Add: think 3 steps ahead	keep
15	7.958	7.958	8.16	8.96	7.32	7.20	Add: surface patterns and avoidance	skipped
